company_name,prospect_name,title,phone,email,location
Sodexo,,,,sodexo@example.com,Perth WA
Evolve Talent,,,,evolvetalent@example.com,Perth WA
Niche Resources,,,,nicheresources@example.com,Perth WA
Cater Care,,,,catercare@example.com,Perth WA
Techforce Personnel,,,,techforcepersonnel@example.com,Perth WA
Pindari,,,,pindari@example.com,Perth WA
Flanco,,,,flanco@example.com,Perth WA
Connect Resources,,,,connectresources@example.com,"Perth Airport,Perth WA",Perth WA"
GEM Resourcing,,,,gemresourcing@example.com,Perth WA
Itch Recruitment,,,,itchrecruitment@example.com,Perth WA
Eastern Guruma,,,,easternguruma@example.com,Perth WA
Scotford Fennessy,,,,scotfordfennessy@example.com,Perth WA
SNP RECRUITMENT PTY LTD,,,,snprecruitmentptyltd@example.com,Perth WA
True resources,,,,trueresources@example.com,Perth WA
Skill Hire,,,,skillhire@example.com,Perth WA
Hagstrom Drilling,,,,hagstromdrilling@example.com,Perth WA
